-- phpMyAdmin SQL Dump
-- version 4.5.4.1deb2ubuntu2.1
-- http://www.phpmyadmin.net
--
-- Хост: localhost
-- Время создания: Июн 17 2020 г., 12:41
-- Версия сервера: 5.7.29-0ubuntu0.16.04.1
-- Версия PHP: 7.0.33-0ubuntu0.16.04.14

SET SQL_MODE = "NO_AUTO_VALUE_ON_ZERO";
SET time_zone = "+00:00";


/*!40101 SET @OLD_CHARACTER_SET_CLIENT=@@CHARACTER_SET_CLIENT */;
/*!40101 SET @OLD_CHARACTER_SET_RESULTS=@@CHARACTER_SET_RESULTS */;
/*!40101 SET @OLD_COLLATION_CONNECTION=@@COLLATION_CONNECTION */;
/*!40101 SET NAMES utf8mb4 */;

--
-- База данных: `flightplus`
--

-- --------------------------------------------------------

--
-- Структура таблицы `airplane`
--

CREATE TABLE `airplane` (
  `id` int(11) NOT NULL,
  `airplane_name` text,
  `airplane_num` text,
  `status` int(11) DEFAULT '0',
  `row_of_seats` int(11) DEFAULT '0',
  `column_of_seats` int(11) DEFAULT '0',
  `seats_scheme` text
) ENGINE=InnoDB DEFAULT CHARSET=utf8mb4;

--
-- Дамп данных таблицы `airplane`
--

INSERT INTO `airplane` (`id`, `airplane_name`, `airplane_num`, `status`, `row_of_seats`, `column_of_seats`, `seats_scheme`) VALUES
(1, 'Боинг 707', 'FF1709', 3, 8, 30, NULL),
(2, 'Embraer 170', 'FF9742', 1, 4, 20, 'https://flightplus.ru/static/img/de89a23e83af14bc7e1823b9eaa2ae11.png'),
(3, 'Airbus A319', 'FF7818', 1, 6, 24, 'https://flightplus.ru/static/img/6b60271d830e9e4486889f67f131ea8e.png'),
(4, 'Airbus A320', 'FF3478', 1, 6, 29, 'https://flightplus.ru/static/img/4c2aa3db501ad21fafc08d93803eded4.png');

-- --------------------------------------------------------

--
-- Структура таблицы `airplane_status`
--

CREATE TABLE `airplane_status` (
  `id` int(11) NOT NULL,
  `status_name` text
) ENGINE=InnoDB DEFAULT CHARSET=utf8mb4;

--
-- Дамп данных таблицы `airplane_status`
--

INSERT INTO `airplane_status` (`id`, `status_name`) VALUES
(1, 'В эксплуатации'),
(2, 'На ремонте'),
(3, 'Снят с эксплуатации');

-- --------------------------------------------------------

--
-- Структура таблицы `airports`
--

CREATE TABLE `airports` (
  `id` int(11) NOT NULL,
  `id_country` int(11) DEFAULT '0',
  `id_city` int(11) DEFAULT '0',
  `airport_name` text,
  `abbreviation` text,
  `status` tinyint(1) NOT NULL DEFAULT '1'
) ENGINE=InnoDB DEFAULT CHARSET=utf8mb4;

--
-- Дамп данных таблицы `airports`
--

INSERT INTO `airports` (`id`, `id_country`, `id_city`, `airport_name`, `abbreviation`, `status`) VALUES
(301, 75, 279, 'Абакан', 'ABA', 1),
(302, 76, 280, 'Международный аэропорт Аделаиды', 'ADL', 1),
(303, 77, 281, 'Aktau Airport', 'SCO', 1),
(304, 77, 282, 'Международный Аэропорт Актобе', 'AKX', 1),
(305, 78, 283, 'Аликанте', 'ALC', 1),
(306, 77, 284, 'Международный аэропорт Алматы', 'ALA', 1),
(307, 79, 285, 'Международный аэропорт Альбукерке', 'ABQ', 1),
(308, 80, 286, 'Схипхол', 'AMS', 1),
(309, 75, 287, 'Витязево', 'AAQ', 1),
(310, 81, 288, 'Аэропорт Этимесгут', 'ANK', 1),
(311, 81, 289, 'Анталья', 'AYT', 1),
(312, 75, 290, 'Талаги', 'ARH', 1),
(313, 75, 291, 'Астрахань', 'ASF', 1),
(314, 77, 292, 'Атырау', 'GUW', 1),
(315, 82, 293, 'Елефтериос Венизелос', 'ATH', 1),
(316, 83, 294, 'Баку', 'GYD', 1),
(317, 79, 295, 'Международный аэропорт Балтимор-Вашингтон', 'BWI', 1),
(318, 84, 296, 'Бангкок', 'BKK', 1),
(319, 85, 297, 'Аэропорт Баотоу', 'BAV', 1),
(320, 75, 298, 'Барнаул', 'BAX', 1),
(321, 78, 299, 'Барселона', 'BCN', 1),
(322, 86, 300, 'Бейрут', 'BEY', 1),
(323, 75, 301, 'Белгород', 'EGO', 1),
(324, 87, 302, 'Белград', 'BEG', 1),
(325, 88, 303, 'Шенефельд', 'SXF', 1),
(326, 89, 304, 'Манас', 'FRU', 1),
(327, 90, 305, 'Болонья', 'BLQ', 1),
(328, 91, 306, 'Брюссель-Южный вокзал, Бельгия', 'ZYR', 1),
(329, 91, 306, 'Брюссель(Националь)', 'BRU', 1),
(330, 92, 307, 'Международный аэропорт им. Ференца Листа', 'BUD', 1),
(331, 93, 308, 'Бургас', 'BOJ', 1),
(332, 94, 309, 'Международный аэропорт Кимхэ', 'PUS', 1),
(333, 95, 310, 'Бухара', 'BHK', 1),
(334, 96, 311, 'Отопени', 'OTP', 1),
(335, 97, 312, 'Международный аэропорт Эсейса', 'EZE', 1),
(336, 97, 312, 'Aeroparque J.Newberry', 'AEP', 1),
(337, 93, 313, 'Варна', 'VAR', 1),
(338, 98, 314, 'Фредерика Шопена', 'WAW', 1),
(339, 79, 315, 'Национальный аэропорт Рональд Рейган', 'DCA', 1),
(340, 79, 315, 'Даллес', 'IAD', 1),
(341, 99, 316, 'Швехат', 'VIE', 1),
(342, 90, 317, 'Аэропорт Венеции имени Марко Поло', 'VCE', 1),
(343, 90, 318, 'Верона', 'VRN', 1),
(344, 79, 319, 'Международный аэропорт Вест-Палм-Бич', 'PBI', 1),
(345, 100, 320, 'Вильнюс', 'VNO', 1),
(346, 75, 321, 'Владивосток', 'VVO', 1),
(347, 75, 322, 'Международный аэропорт Владикавказ', 'OGZ', 1),
(348, 75, 323, 'Волгоград', 'VOG', 1),
(349, 75, 324, 'Чертовицкое', 'VOZ', 1),
(350, 85, 325, 'Аэропорт Вуйшань', 'WUS', 1),
(351, 101, 326, 'Хосе Марти межд.', 'HAV', 1),
(352, 81, 327, 'Международный аэропорт Газиантеп', 'GZT', 1),
(353, 88, 328, 'Гамбург', 'HAM', 1),
(354, 88, 329, 'Ганновер', 'HAJ', 1),
(355, 75, 330, 'Геленджик', 'GDZ', 1),
(356, 76, 331, 'Аэропорт Голд Кост', 'OOL', 1),
(357, 85, 332, 'Гонконг', 'HKG', 1),
(358, 75, 333, 'Аэропорт Грозный', 'GRV', 1),
(359, 85, 334, 'Байюнь', 'CAN', 1),
(360, 85, 335, 'Гуйлинь', 'KWL', 1),
(361, 85, 336, 'Гуйян Лундунбао', 'KWE', 1),
(362, 79, 337, 'Дайтона-Бич', 'DAB', 1),
(363, 85, 338, 'Далянь', 'DLC', 1),
(364, 76, 339, 'Международный Аэропорт Дарвин', 'DRW', 1),
(365, 102, 340, 'Международный аэропорт Индиры Ганди', 'DEL', 1),
(366, 103, 341, 'Международный аэропорт Нгура Рай', 'DPS', 1),
(367, 85, 342, 'Аэропорт Джаймуси', 'JMU', 1),
(368, 103, 343, 'Сукарно', 'CGK', 1),
(369, 81, 344, 'Аэропорт Диярбакир', 'DIY', 1),
(370, 88, 345, 'Дрезден', 'DRS', 1),
(371, 104, 346, 'Международный аэропорт Аль-Мактум', 'DWC', 1),
(372, 104, 346, 'Дубай', 'DXB', 1),
(373, 105, 347, 'Дублин', 'DUB', 1),
(374, 106, 348, 'Душанбе', 'DYU', 1),
(375, 88, 349, 'Дюссельдорф', 'DUS', 1),
(376, 75, 350, 'Кольцово', 'SVX', 1),
(377, 107, 351, 'Международный аэропорт Звартноц', 'EVN', 1),
(378, 108, 352, 'Женева', 'GVA', 1),
(379, 109, 353, 'Загреб', 'ZAG', 1),
(380, 99, 354, 'Зальцбург', 'ZSB', 1),
(381, 75, 355, 'Igarka Airport', 'IAA', 1),
(382, 75, 356, 'Аэропорт Ижевск', 'IJK', 1),
(383, 81, 357, 'Аэропорт Измир', 'ADB', 1),
(384, 79, 358, 'Международный аэропорт Индианаполиса', 'IND', 1),
(385, 99, 359, 'Инсбрук', 'IOB', 1),
(386, 82, 360, 'Ираклион', 'HER', 1),
(387, 75, 361, 'Иркутск', 'IKT', 1),
(388, 110, 362, 'Кагошима', 'KOJ', 1),
(389, 75, 363, 'Казань', 'KZN', 1),
(390, 111, 364, 'Каир', 'CAI', 1),
(391, 75, 365, 'Храброво', 'KGD', 1),
(392, 112, 366, 'Канкун', 'CUN', 1),
(393, 77, 367, 'Караганда', 'KGF', 1),
(394, 113, 368, 'Карловы Вары', 'KLV', 1),
(395, 95, 369, 'Карши-Ханабад', 'KSQ', 1),
(396, 100, 370, 'Каунас', 'KUN', 1),
(397, 75, 371, 'Кемерово', 'KEJ', 1),
(398, 76, 372, 'Международный аэропорт Кэрнс', 'CNS', 1),
(399, 114, 373, 'Кишинев', 'KIV', 1),
(400, 115, 374, 'Бандаранаике', 'CMB', 1),
(401, 110, 375, 'Аэропорт Коматсу', 'KMQ', 1),
(402, 116, 376, 'Каструп', 'CPH', 1),
(403, 77, 377, 'Кустанай', 'KSN', 1),
(404, 84, 378, 'Кох Самуи', 'USM', 1),
(405, 75, 379, 'Пашковский', 'KRR', 1),
(406, 75, 380, 'Емельяново', 'KJA', 1),
(407, 85, 381, 'Куньмин Чаньшу', 'KMG', 1),
(408, 77, 382, 'Аэропорт Кызылорда', 'KZO', 1),
(409, 88, 383, 'Центральный вокзал Кёльна', 'QKL', 1),
(410, 84, 384, 'Лампанг', 'LPT', 1),
(411, 85, 385, 'Аэропорт Ланчжоу', 'LHW', 1),
(412, 117, 386, 'Ларнака', 'LCA', 1),
(413, 118, 387, 'Аэропорт Лилль-Европейский вокзал', 'XDB', 1),
(414, 118, 388, 'Сент Экзюпери', 'LYS', 1),
(415, 119, 389, 'Лиссабон', 'LIS', 1),
(416, 120, 390, 'Стенстед', 'STN', 1),
(417, 120, 390, 'Хитроу', 'LHR', 1),
(418, 120, 390, 'Гатвик', 'LGW', 1),
(419, 76, 391, 'Аэропорт Лонсестон', 'LST', 1),
(420, 79, 392, 'Лос-Анджелес', 'LAX', 1),
(421, 85, 393, 'Аэропорт Лхаса Гонггар', 'LXA', 1),
(422, 121, 394, 'Любляна', 'LJU', 1),
(423, 122, 395, 'Международный аэропорт имени сэра Сивусагура Рамгулама, Маврикий', 'MRU', 1),
(424, 75, 396, 'Магадан(Сокол)', 'GDX', 1),
(425, 75, 397, 'Аэропорт Магас', 'IGT', 1),
(426, 75, 398, 'Магнитогорск', 'MQF', 1),
(427, 78, 399, 'Барахас', 'MAD', 1),
(428, 79, 400, 'Майами', 'MIA', 1),
(429, 78, 401, 'Малага', 'AGP', 1),
(430, 81, 402, 'Аэропорт Малатия', 'MLX', 1),
(431, 123, 403, 'Мале', 'MLE', 1),
(432, 118, 404, 'Марсель', 'MRS', 1),
(433, 75, 405, 'Махачкала', 'MCX', 1),
(434, 90, 406, 'Малпенса', 'MXP', 1),
(435, 75, 407, 'Минеральные Воды', 'MRV', 1),
(436, 124, 408, 'Минск-2', 'MSQ', 1),
(437, 125, 409, 'Monastir Habib Bourguiba International Airport, Monastir, Tunicia', 'MIR', 1),
(438, 126, 410, 'Международный эропорт Монреаль Пьер Трюдо', 'YUL', 1),
(439, 75, 411, 'Домодедово', 'DME', 1),
(440, 75, 411, 'Шереметьево', 'SVO', 1),
(441, 75, 411, 'Внуково', 'VKO', 1),
(442, 102, 412, 'Международный аэропорт Чатрапати Шиваджи', 'BOM', 1),
(443, 75, 413, 'Мурманск', 'MMK', 1),
(444, 88, 414, 'Мюнхен', 'MUC', 1),
(445, 95, 415, 'Навои', 'NVI', 1),
(446, 75, 416, 'Международный аэропорт Нальчик', 'NAL', 1),
(447, 95, 417, 'Наманган', 'NMA', 1),
(448, 85, 418, 'Международный аэропорт Нанкин Лукоу', 'NKG', 1),
(449, 79, 419, 'Аэропорт Нантакет', 'ACK', 1),
(450, 85, 420, 'Наньчан Чанбэй', 'KHN', 1),
(451, 90, 421, 'Неаполь', 'NAP', 1),
(452, 127, 422, 'Международный аэропорт Нейпьидо', 'NYT', 1),
(453, 88, 423, 'Немецкие железные дороги', 'QYG', 1),
(454, 75, 424, 'Нижневартовск', 'NJC', 1),
(455, 75, 425, 'Аэропорт Бегишево', 'NBC', 1),
(456, 75, 426, 'Стригино', 'GOJ', 1),
(457, 75, 427, 'Аэропорт Николаевск-на-Амуре', 'NLI', 1),
(458, 118, 428, 'Ницца', 'NCE', 1),
(459, 75, 429, 'Новокузнецк-Спиченково', 'NOZ', 1),
(460, 75, 430, 'Толмачево', 'OVB', 1),
(461, 75, 431, 'Новый Уренгой', 'NUX', 1),
(462, 77, 432, 'Нур-Султан', 'TSE', 1),
(463, 79, 433, 'Кеннеди', 'JFK', 1),
(464, 79, 433, 'Аэропорт Ла Гуардия', 'LGA', 1),
(465, 128, 434, 'Международный аэропорт Камрань', 'CXR', 1),
(466, 110, 435, 'Аэропорт Окаяма', 'OKJ', 1),
(467, 75, 436, 'Омск', 'OMS', 1),
(468, 75, 437, 'Оренбург', 'REN', 1),
(469, 79, 438, 'Орландо', 'MCO', 1),
(470, 79, 438, 'Orlando Executive', 'ORL', 1),
(471, 75, 439, 'Аэропорт Орск', 'OSW', 1),
(472, 110, 440, 'Осака-Кансай', 'KIX', 1),
(473, 129, 441, 'Аэропорт Осло Гардермуэн', 'OSL', 1),
(474, 79, 442, 'Международный аэропорт Остин Бергстром', 'AUS', 1),
(475, 89, 443, 'Ош', 'OSS', 1),
(476, 77, 444, 'Павлодар', 'PWQ', 1),
(477, 78, 445, 'Пальма-де-Мальорка', 'PMI', 1),
(478, 118, 446, 'Орли', 'ORY', 1),
(479, 118, 446, 'Шарль-де-Голль', 'CDG', 1),
(480, 85, 447, 'Аэропорт Пекин Дасин', 'PKX', 1),
(481, 85, 447, 'Пекин Столичный', 'PEK', 1),
(482, 75, 448, 'Большое Савино', 'PEE', 1),
(483, 76, 449, 'Аэропорт Перт', 'PER', 1),
(484, 75, 450, 'Елизово', 'PKC', 1),
(485, 79, 451, 'Международный аэропорт Портленд', 'PWM', 1),
(486, 113, 452, 'Аэропорт Вацлава Гавела', 'PRG', 1),
(487, 109, 453, 'Пула', 'PUY', 1),
(488, 130, 454, 'Международный аэропорт Пунта Кана', 'PUJ', 1),
(489, 84, 455, 'Пхукет', 'HKT', 1),
(490, 131, 456, 'Кефлавик', 'KEF', 1),
(491, 118, 457, 'Международный аэропорт «Champagne-Ardenne TGV»', 'XIZ', 1),
(492, 79, 458, 'Международный аэропорт Рено-Тахо', 'RNO', 1),
(493, 132, 459, 'Рига', 'RIX', 1),
(494, 90, 460, 'Фьюмичино', 'FCO', 1),
(495, 90, 461, 'Римини', 'RMI', 1),
(496, 79, 462, 'Международный аэропорт Ричмонд', 'RIC', 1),
(497, 82, 463, 'Диагорас', 'RHO', 1),
(498, 75, 464, 'Аэропорт «Платов»', 'ROV', 1),
(499, 79, 465, 'Международный аэропорт Грэйтер Рочестер', 'ROC', 1),
(500, 79, 466, 'International', 'SMF', 1),
(501, 79, 466, 'Международный аэропорт Сакраменто', 'SAC', 1),
(502, 82, 467, 'Салоники', 'SKG', 1),
(503, 75, 468, 'Курумоч', 'KUF', 1),
(504, 95, 469, 'Самарканд', 'SKD', 1),
(505, 81, 470, 'Аэропорт Самсан Карсамба', 'SZF', 1),
(506, 79, 471, 'Международный аэропорт Сан-Антонио', 'SAT', 1),
(507, 75, 472, 'Пулково', 'LED', 1),
(508, 133, 473, 'Сантьяго Артуро Мерино Бенитес', 'SCL', 1),
(509, 78, 474, 'Аэропорт Сантьяго-де-Компостела', 'SCQ', 1),
(510, 110, 475, 'Chitose Airport', 'CTS', 1),
(511, 75, 476, 'Аэропорт Саранск', 'SKX', 1),
(512, 79, 477, 'Международный аэропорт Сарасота-Брадентон', 'SRQ', 1),
(513, 75, 478, 'Саратов', 'RTW', 1),
(514, 75, 478, 'Международный аэропорт "Гагарин"', 'GSV', 1),
(515, 94, 479, 'Сеул/Инчон', 'ICN', 1),
(516, 94, 479, 'Кимпо', 'SEL', 1),
(517, 75, 480, 'Симферополь', 'SIP', 1),
(518, 134, 481, 'Чанги', 'SIN', 1),
(519, 85, 482, 'Международный аэропорт Синин Цаоцзябао', 'XNN', 1),
(520, 85, 483, 'Аэропорт Сианьянг', 'XIY', 1),
(521, 79, 484, 'Международный аэропорт Сиракус Ханкок', 'SYR', 1),
(522, 93, 485, 'София', 'SOF', 1),
(523, 75, 486, 'Адлер', 'AER', 1),
(524, 109, 487, 'Сплит', 'SPU', 1),
(525, 75, 488, 'Ставрополь', 'STW', 1),
(526, 81, 489, 'Стамбул', 'IST', 1),
(527, 135, 490, 'Арланда', 'ARN', 1),
(528, 118, 491, 'Страсбург', 'XWG', 1),
(529, 75, 492, 'Сургут', 'SGC', 1),
(530, 75, 493, 'Сыктывкар', 'SCW', 1),
(531, 85, 494, 'Международный аэропорт Сямынь Гаоци', 'XMN', 1),
(532, 85, 495, 'Международный аэропорт Тайбэй Соншан', 'TSA', 1),
(533, 136, 496, 'Таллин', 'TLL', 1),
(534, 95, 497, 'Южный', 'TAS', 1),
(535, 137, 498, 'Тбилиси', 'TBS', 1),
(536, 138, 499, 'Аэропорт Имам Хомейни', 'IKA', 1),
(537, 139, 500, 'Тель-Авив', 'TLV', 1),
(538, 78, 501, 'Тенерифе северный', 'TFN', 1),
(539, 78, 501, 'Тенерифе-Южный', 'TFS', 1),
(540, 140, 502, 'Тиват', 'TIV', 1),
(541, 110, 503, 'Ханэда', 'HND', 1),
(542, 110, 503, 'Нарита', 'NRT', 1),
(543, 75, 504, 'Томск Богашево', 'TOF', 1),
(544, 126, 505, 'Аэропорт Торонто Пирсон', 'YYZ', 1),
(545, 81, 506, 'Аэропорт Трабзон', 'TZX', 1),
(546, 75, 507, 'Рощино', 'TJM', 1),
(547, 141, 508, 'Буянт-Уха', 'ULN', 1),
(548, 75, 509, 'аэропорт Улан-Удэ Байкал', 'UUD', 1),
(549, 75, 510, 'Восточный (Ульяновск)', 'ULY', 1),
(550, 75, 510, 'Баратаевка', 'ULV', 1),
(551, 95, 511, 'Ургенч', 'UGC', 1),
(552, 77, 512, 'Усть-Каменогорск', 'UKK', 1),
(553, 75, 513, 'Уфа', 'UFA', 1),
(554, 95, 514, 'Фергана', 'FEG', 1),
(555, 79, 515, 'Southwest Florida International Airport', 'RSW', 1),
(556, 79, 515, 'Аэропорт Форт Майерс Пейдж Филд', 'FMY', 1),
(557, 88, 516, 'Франкфурт/Майн', 'FRA', 1),
(558, 75, 517, 'Международный аэропорт Хабаровск (Новый) им. Г. И. Невельского', 'KHV', 1),
(559, 128, 518, 'Нойбай', 'HAN', 1),
(560, 75, 519, 'Ханты-Мансийск', 'HMA', 1),
(561, 82, 520, 'Международный аэропорт Иоаннис Даскалояннис', 'CHQ', 1),
(562, 85, 521, 'Харбин', 'HRB', 1),
(563, 79, 522, 'Аэропорт Хартфорд Брейнард', 'HFD', 1),
(564, 79, 522, 'Международный аэропорт Брэдли', 'BDL', 1),
(565, 142, 523, 'Вантаа', 'HEL', 1),
(566, 79, 524, 'Хианнис Барнстейбл', 'HYA', 1),
(567, 128, 525, 'Тансоннхат', 'SGN', 1),
(568, 85, 526, 'международный аэропорт Хуайань', 'HIA', 1),
(569, 106, 527, 'Худжанд', 'LBD', 1),
(570, 128, 528, 'Хуэ', 'HUI', 1),
(571, 79, 529, 'Аэропорт Хьюстон Уильям Хобби', 'HOU', 1),
(572, 79, 529, 'Хьюстон', 'IAH', 1),
(573, 85, 530, 'Аэропорт Цзинхун Сишуанбаньна Гаса', 'JHG', 1),
(574, 85, 531, 'Цицихар', 'NDG', 1),
(575, 108, 532, 'Цюрих', 'ZRH', 1),
(576, 79, 533, 'Аэропорт Чарльстон', 'CHS', 1),
(577, 75, 534, 'Челябинск', 'CEK', 1),
(578, 85, 535, 'Аэропорт Чжанцзяцзе Даёнг', 'DYG', 1),
(579, 85, 536, 'Аэропорт Чжухай', 'ZUH', 1),
(580, 85, 537, 'Аэропорт Чжэнчжоу Синьчжэн', 'CGO', 1),
(581, 79, 538, 'Аэропорт Чикаго', 'CHI', 1),
(582, 75, 539, 'Чита', 'HTA', 1),
(583, 85, 540, 'Пудонг', 'PVG', 1),
(584, 79, 541, 'Международный аэропорт Шарлотт Дуглас', 'CLT', 1),
(585, 88, 542, 'Штутгарт', 'STR', 1),
(586, 77, 543, 'Чимкент', 'CIT', 1),
(587, 76, 544, 'Аэропорт  Алис-Спрингс', 'ASP', 1),
(588, 117, 545, 'Эрджан', 'ECN', 1),
(589, 75, 546, 'Южно-Сахалинск', 'UUS', 1),
(590, 75, 547, 'Якутск', 'YKS', 1),
(591, 85, 548, 'Яньань', 'ENY', 1),
(592, 75, 549, 'Аэропорт Туношна', 'IAR', 1);

-- --------------------------------------------------------

--
-- Структура таблицы `auth_token`
--

CREATE TABLE `auth_token` (
  `id` int(11) NOT NULL,
  `token` text,
  `id_user` int(11) DEFAULT '0'
) ENGINE=InnoDB DEFAULT CHARSET=utf8mb4;

--
-- Дамп данных таблицы `auth_token`
--

INSERT INTO `auth_token` (`id`, `token`, `id_user`) VALUES
(36, 'fc6eb6c350ab633d39569ab200c8881b', 1),
(38, '44afb0eb9d3c167929adfdd2246f2c1e', 1),
(42, '1629e82bc09239de229b01c89686bc8f', 1),
(47, '36f9ff1e7fc1479f74da8731fba2f8f8', 2),
(53, '4fcd84fc0da76671603445d5a42fb8e5', 2),
(57, '31a28395585c0ac47f413f5495af44b2', 2),
(75, '7d3bf10f09c9aae723e6f068275c43c9', 1),
(76, 'c777f27549e242cf1613a49a9448eea7', 2),
(94, 'd69f168340c750ce08ae3245b2f1573e', 1),
(95, '9fb5e7277cd161ce08fe393c389b2cec', 1),
(105, '02b52afcf53fadace0084629ed27d342', 1),
(108, '55ef745921ca73b695ff20b387ccff20', 2),
(109, 'f21430d0bbbbc6f11d2c399b02605d2f', 2),
(112, '3bf3fbe2946e274297f5e5802b6ccefe', 1),
(113, '9bc1b221d69b2d151eed9f31cf20eefd', 1);

-- --------------------------------------------------------

--
-- Структура таблицы `cities`
--

CREATE TABLE `cities` (
  `id` int(11) NOT NULL,
  `id_country` int(11) DEFAULT '0',
  `city_name` text,
  `abbreviation` text,
  `status` tinyint(1) NOT NULL DEFAULT '1'
) ENGINE=InnoDB DEFAULT CHARSET=utf8mb4;

--
-- Дамп данных таблицы `cities`
--

INSERT INTO `cities` (`id`, `id_country`, `city_name`, `abbreviation`, `status`) VALUES
(279, 75, 'Абакан', 'ABA', 1),
(280, 76, 'Аделаида', 'ADL', 1),
(281, 77, 'Актау', 'SCO', 1),
(282, 77, 'Актобе', 'AKX', 1),
(283, 78, 'Аликанте', 'ALC', 1),
(284, 77, 'Алматы', 'ALA', 1),
(285, 79, 'Альбукерке', 'ABQ', 1),
(286, 80, 'Амстердам', 'AMS', 1),
(287, 75, 'Анапа', 'AAQ', 1),
(288, 81, 'Анкара', 'ANK', 1),
(289, 81, 'Анталья', 'AYT', 1),
(290, 75, 'Архангельск', 'ARH', 1),
(291, 75, 'Астрахань', 'ASF', 1),
(292, 77, 'Атырау', 'GUW', 1),
(293, 82, 'Афины', 'ATH', 1),
(294, 83, 'Баку', 'BAK', 1),
(295, 79, 'Балтимор', 'BWI', 1),
(296, 84, 'Бангкок', 'BKK', 1),
(297, 85, 'Баотоу', 'BAV', 1),
(298, 75, 'Барнаул', 'BAX', 1),
(299, 78, 'Барселона', 'BCN', 1),
(300, 86, 'Бейрут', 'BEY', 1),
(301, 75, 'Белгород', 'EGO', 1),
(302, 87, 'Белград', 'BEG', 1),
(303, 88, 'Берлин', 'BER', 1),
(304, 89, 'Бишкек', 'FRU', 1),
(305, 90, 'Болонья', 'BLQ', 1),
(306, 91, 'Брюссель', 'BRU', 1),
(307, 92, 'Будапешт', 'BUD', 1),
(308, 93, 'Бургас', 'BOJ', 1),
(309, 94, 'Бусан', 'PUS', 1),
(310, 95, 'Бухара', 'BHK', 1),
(311, 96, 'Бухарест', 'BUH', 1),
(312, 97, 'Буэнос-Айрес', 'BUE', 1),
(313, 93, 'Варна', 'VAR', 1),
(314, 98, 'Варшава', 'WAW', 1),
(315, 79, 'Вашингтон', 'WAS', 1),
(316, 99, 'Вена', 'VIE', 1),
(317, 90, 'Венеция', 'VCE', 1),
(318, 90, 'Верона', 'VRN', 1),
(319, 79, 'Вест-Палм-Бич', 'PBI', 1),
(320, 100, 'Вильнюс', 'VNO', 1),
(321, 75, 'Владивосток', 'VVO', 1),
(322, 75, 'Владикавказ', 'OGZ', 1),
(323, 75, 'Волгоград', 'VOG', 1),
(324, 75, 'Воронеж', 'VOZ', 1),
(325, 85, 'Вуйшань', 'WUS', 1),
(326, 101, 'Гавана', 'HAV', 1),
(327, 81, 'Газиантеп', 'GZT', 1),
(328, 88, 'Гамбург', 'HAM', 1),
(329, 88, 'Ганновер', 'HAJ', 1),
(330, 75, 'Геленджик', 'GDZ', 1),
(331, 76, 'Голд Кост', 'OOL', 1),
(332, 85, 'Гонконг', 'HKG', 1),
(333, 75, 'Грозный', 'GRV', 1),
(334, 85, 'Гуанчжоу', 'CAN', 1),
(335, 85, 'Гуйлинь', 'KWL', 1),
(336, 85, 'Гуйян', 'KWE', 1),
(337, 79, 'Дайтона-Бич', 'DAB', 1),
(338, 85, 'Далянь', 'DLC', 1),
(339, 76, 'Дарвин', 'DRW', 1),
(340, 102, 'Дели', 'DEL', 1),
(341, 103, 'Денпасар Бали', 'DPS', 1),
(342, 85, 'Джаймуси', 'JMU', 1),
(343, 103, 'Джакарта', 'JKT', 1),
(344, 81, 'Диярбакир', 'DIY', 1),
(345, 88, 'Дрезден', 'DRS', 1),
(346, 104, 'Дубай', 'DXB', 1),
(347, 105, 'Дублин', 'DUB', 1),
(348, 106, 'Душанбе', 'DYU', 1),
(349, 88, 'Дюссельдорф', 'DUS', 1),
(350, 75, 'Екатеринбург', 'SVX', 1),
(351, 107, 'Ереван', 'EVN', 1),
(352, 108, 'Женева', 'GVA', 1),
(353, 109, 'Загреб', 'ZAG', 1),
(354, 99, 'Зальцбург', 'SZG', 1),
(355, 75, 'Игарка', 'IAA', 1),
(356, 75, 'Ижевск', 'IJK', 1),
(357, 81, 'Измир', 'IZM', 1),
(358, 79, 'Индианаполис', 'IND', 1),
(359, 99, 'Инсбрук', 'INN', 1),
(360, 82, 'Ираклион', 'HER', 1),
(361, 75, 'Иркутск', 'IKT', 1),
(362, 110, 'Кагосима', 'KOJ', 1),
(363, 75, 'Казань', 'KZN', 1),
(364, 111, 'Каир', 'CAI', 1),
(365, 75, 'Калининград', 'KGD', 1),
(366, 112, 'Канкун', 'CUN', 1),
(367, 77, 'Караганда', 'KGF', 1),
(368, 113, 'Карловы Вары', 'KLV', 1),
(369, 95, 'Карши', 'KSQ', 1),
(370, 100, 'Каунас', 'KUN', 1),
(371, 75, 'Кемерово', 'KEJ', 1),
(372, 76, 'Кернс', 'CNS', 1),
(373, 114, 'Кишинев', 'KIV', 1),
(374, 115, 'Коломбо', 'CMB', 1),
(375, 110, 'Коматсу', 'KMQ', 1),
(376, 116, 'Копенгаген', 'CPH', 1),
(377, 77, 'Костанай', 'KSN', 1),
(378, 84, 'Кох Самуи', 'USM', 1),
(379, 75, 'Краснодар', 'KRR', 1),
(380, 75, 'Красноярск', 'KJA', 1),
(381, 85, 'Куньмин', 'KMG', 1),
(382, 77, 'Кызылорда', 'KZO', 1),
(383, 88, 'Кёльн', 'QKL', 1),
(384, 84, 'Лампанг', 'LPT', 1),
(385, 85, 'Ланчжоу', 'LHW', 1),
(386, 117, 'Ларнака', 'LCA', 1),
(387, 118, 'Лилль', 'XDB', 1),
(388, 118, 'Лион', 'LYS', 1),
(389, 119, 'Лиссабон', 'LIS', 1),
(390, 120, 'Лондон', 'LON', 1),
(391, 76, 'Лонсестон', 'LST', 1),
(392, 79, 'Лос-Анджелес', 'LAX', 1),
(393, 85, 'Лхаса', 'LXA', 1),
(394, 121, 'Любляна', 'LJU', 1),
(395, 122, 'Маврикий', 'MRU', 1),
(396, 75, 'Магадан', 'GDX', 1),
(397, 75, 'Магас', 'IGT', 1),
(398, 75, 'Магнитогорск', 'MQF', 1),
(399, 78, 'Мадрид', 'MAD', 1),
(400, 79, 'Майами', 'MIA', 1),
(401, 78, 'Малага', 'AGP', 1),
(402, 81, 'Малатия', 'MLX', 1),
(403, 123, 'Мале', 'MLE', 1),
(404, 118, 'Марсель', 'MRS', 1),
(405, 75, 'Махачкала', 'MCX', 1),
(406, 90, 'Милан', 'MIL', 1),
(407, 75, 'Минеральные Воды', 'MRV', 1),
(408, 124, 'Минск', 'MSQ', 1),
(409, 125, 'Монастир', 'MIR', 1),
(410, 126, 'Монреаль', 'YMQ', 1),
(411, 75, 'Москва', 'MOW', 1),
(412, 102, 'Мумбай', 'BOM', 1),
(413, 75, 'Мурманск', 'MMK', 1),
(414, 88, 'Мюнхен', 'MUC', 1),
(415, 95, 'Навои', 'NVI', 1),
(416, 75, 'Нальчик', 'NAL', 1),
(417, 95, 'Наманган', 'NMA', 1),
(418, 85, 'Нанкин', 'NKG', 1),
(419, 79, 'Нантакет', 'ACK', 1),
(420, 85, 'Наньчан', 'KHN', 1),
(421, 90, 'Неаполь', 'NAP', 1),
(422, 127, 'Нейпьидо', 'NYT', 1),
(423, 88, 'Немецкие железные дороги', 'QYG', 1),
(424, 75, 'Нижневартовск', 'NJC', 1),
(425, 75, 'Нижнекамск (Набережные Челны)', 'NBC', 1),
(426, 75, 'Нижний Новгород', 'GOJ', 1),
(427, 75, 'Николаевск-на-Амуре', 'NLI', 1),
(428, 118, 'Ницца', 'NCE', 1),
(429, 75, 'Новокузнецк', 'NOZ', 1),
(430, 75, 'Новосибирск', 'OVB', 1),
(431, 75, 'Новый Уренгой', 'NUX', 1),
(432, 77, 'Нур-Султан', 'TSE', 1),
(433, 79, 'Нью-Йорк', 'NYC', 1),
(434, 128, 'Нячанг', 'NHA', 1),
(435, 110, 'Окаяма', 'OKJ', 1),
(436, 75, 'Омск', 'OMS', 1),
(437, 75, 'Оренбург', 'REN', 1),
(438, 79, 'Орландо', 'ORL', 1),
(439, 75, 'Орск', 'OSW', 1),
(440, 110, 'Осака', 'OSA', 1),
(441, 129, 'Осло', 'OSL', 1),
(442, 79, 'Остин', 'AUS', 1),
(443, 89, 'Ош', 'OSS', 1),
(444, 77, 'Павлодар', 'PWQ', 1),
(445, 78, 'Пальма-де-Мальорка', 'PMI', 1),
(446, 118, 'Париж', 'PAR', 1),
(447, 85, 'Пекин', 'BJS', 1),
(448, 75, 'Пермь', 'PEE', 1),
(449, 76, 'Перт', 'PER', 1),
(450, 75, 'Петропавловск-Камчатский', 'PKC', 1),
(451, 79, 'Портленд', 'PWM', 1),
(452, 113, 'Прага', 'PRG', 1),
(453, 109, 'Пула', 'PUY', 1),
(454, 130, 'Пунта-Кана', 'PUJ', 1),
(455, 84, 'Пхукет', 'HKT', 1),
(456, 131, 'Рейкьявик', 'REK', 1),
(457, 118, 'Реймс', 'RHE', 1),
(458, 79, 'Рено-Тахо', 'RNO', 1),
(459, 132, 'Рига', 'RIX', 1),
(460, 90, 'Рим', 'ROM', 1),
(461, 90, 'Римини', 'RMI', 1),
(462, 79, 'Ричмонд', 'RIC', 1),
(463, 82, 'Родос', 'RHO', 1),
(464, 75, 'Ростов-на-Дону', 'ROV', 1),
(465, 79, 'Рочестер', 'ROC', 1),
(466, 79, 'Сакраменто', 'SAC', 1),
(467, 82, 'Салоники', 'SKG', 1),
(468, 75, 'Самара', 'KUF', 1),
(469, 95, 'Самарканд', 'SKD', 1),
(470, 81, 'Самсан Карсамба', 'SZF', 1),
(471, 79, 'Сан-Антонио', 'SAT', 1),
(472, 75, 'Санкт-Петербург', 'LED', 1),
(473, 133, 'Сантьяго', 'SCL', 1),
(474, 78, 'Сантьяго Де Компостела', 'SCQ', 1),
(475, 110, 'Саппоро', 'SPK', 1),
(476, 75, 'Саранск', 'SKX', 1),
(477, 79, 'Сарасота-Брадентон', 'SRQ', 1),
(478, 75, 'Саратов', 'RTW', 1),
(479, 94, 'Сеул', 'SEL', 1),
(480, 75, 'Симферополь', 'SIP', 1),
(481, 134, 'Сингапур', 'SIN', 1),
(482, 85, 'Синин', 'XNN', 1),
(483, 85, 'Синьян', 'SIA', 1),
(484, 79, 'Сиракус', 'SYR', 1),
(485, 93, 'София', 'SOF', 1),
(486, 75, 'Сочи', 'AER', 1),
(487, 109, 'Сплит', 'SPU', 1),
(488, 75, 'Ставрополь', 'STW', 1),
(489, 81, 'Стамбул', 'IST', 1),
(490, 135, 'Стокгольм', 'STO', 1),
(491, 118, 'Страсбург', 'SXB', 1),
(492, 75, 'Сургут', 'SGC', 1),
(493, 75, 'Сыктывкар', 'SCW', 1),
(494, 85, 'Сямынь', 'XMN', 1),
(495, 85, 'Тайбэй', 'TPE', 1),
(496, 136, 'Таллин', 'TLL', 1),
(497, 95, 'Ташкент', 'TAS', 1),
(498, 137, 'Тбилиси', 'TBS', 1),
(499, 138, 'Тегеран', 'THR', 1),
(500, 139, 'Тель-Авив', 'TLV', 1),
(501, 78, 'Тенерифе', 'TCI', 1),
(502, 140, 'Тиват', 'TIV', 1),
(503, 110, 'Токио', 'TYO', 1),
(504, 75, 'Томск', 'TOF', 1),
(505, 126, 'Торонто', 'YTO', 1),
(506, 81, 'Трабзон', 'TZX', 1),
(507, 75, 'Тюмень', 'TJM', 1),
(508, 141, 'Улан-Батор', 'ULN', 1),
(509, 75, 'Улан-Удэ', 'UUD', 1),
(510, 75, 'Ульяновск', 'ULY', 1),
(511, 95, 'Ургенч', 'UGC', 1),
(512, 77, 'Усть-Каменогорск', 'UKK', 1),
(513, 75, 'Уфа', 'UFA', 1),
(514, 95, 'Фергана', 'FEG', 1),
(515, 79, 'Форт Майерс Пейдж', 'FMY', 1),
(516, 88, 'Франкфурт', 'FRA', 1),
(517, 75, 'Хабаровск', 'KHV', 1),
(518, 128, 'Ханой', 'HAN', 1),
(519, 75, 'Ханты-Мансийск', 'HMA', 1),
(520, 82, 'Ханья', 'CHQ', 1),
(521, 85, 'Харбин', 'HRB', 1),
(522, 79, 'Хартфорд', 'HFD', 1),
(523, 142, 'Хельсинки', 'HEL', 1),
(524, 79, 'Хианнис', 'HYA', 1),
(525, 128, 'Хошимин', 'SGN', 1),
(526, 85, 'Хуайань', 'HIA', 1),
(527, 106, 'Худжанд', 'LBD', 1),
(528, 128, 'Хуэ', 'HUI', 1),
(529, 79, 'Хьюстон', 'QHO', 1),
(530, 85, 'Цзинхун', 'JHG', 1),
(531, 85, 'Цицикар', 'NDG', 1),
(532, 108, 'Цюрих', 'ZRH', 1),
(533, 79, 'Чарльстон', 'CHS', 1),
(534, 75, 'Челябинск', 'CEK', 1),
(535, 85, 'Чжанцзяцзе', 'DYG', 1),
(536, 85, 'Чжухай', 'ZUH', 1),
(537, 85, 'Чжэнчжоу', 'CGO', 1),
(538, 79, 'Чикаго', 'CHI', 1),
(539, 75, 'Чита', 'HTA', 1),
(540, 85, 'Шанхай', 'SHA', 1),
(541, 79, 'Шарлотт', 'CLT', 1),
(542, 88, 'Штутгарт', 'STR', 1),
(543, 77, 'Шымкент', 'CIT', 1),
(544, 76, 'Элис Спрингз', 'ASP', 1),
(545, 117, 'Эрджан', 'ECN', 1),
(546, 75, 'Южно-Сахалинск', 'UUS', 1),
(547, 75, 'Якутск', 'YKS', 1),
(548, 85, 'Яньань', 'ENY', 1),
(549, 75, 'Ярославль', 'IAR', 1);

-- --------------------------------------------------------

--
-- Структура таблицы `countries`
--

CREATE TABLE `countries` (
  `id` int(11) NOT NULL,
  `country_name` text,
  `abbreviation` text,
  `status` tinyint(1) NOT NULL DEFAULT '1'
) ENGINE=InnoDB DEFAULT CHARSET=utf8mb4;

--
-- Дамп данных таблицы `countries`
--

INSERT INTO `countries` (`id`, `country_name`, `abbreviation`, `status`) VALUES
(75, 'Россия', 'RU', 1),
(76, 'Австралия', 'AU', 1),
(77, 'Казахстан', 'KZ', 1),
(78, 'Испания', 'ES', 1),
(79, 'США', 'US', 1),
(80, 'Нидерланды', 'NL', 1),
(81, 'Турция', 'TR', 1),
(82, 'Греция', 'GR', 1),
(83, 'Азербайджан', 'AZ', 1),
(84, 'Таиланд', 'TH', 1),
(85, 'Китай', 'CN', 1),
(86, 'Ливан', 'LB', 1),
(87, 'Сербия', 'RS', 1),
(88, 'Германия', 'DE', 1),
(89, 'Киргизия', 'KG', 1),
(90, 'Италия', 'IT', 1),
(91, 'Бельгия', 'BE', 1),
(92, 'Венгрия', 'HU', 1),
(93, 'Болгария', 'BG', 1),
(94, 'Корея', 'KR', 1),
(95, 'Узбекистан', 'UZ', 1),
(96, 'Румыния', 'RO', 1),
(97, 'Аргентина', 'AR', 1),
(98, 'Польша', 'PL', 1),
(99, 'Австрия', 'AT', 1),
(100, 'Литва', 'LT', 1),
(101, 'Куба', 'CU', 1),
(102, 'Индия', 'IN', 1),
(103, 'Индонезия', 'ID', 1),
(104, 'Объединенные Арабские Эмираты', 'AE', 1),
(105, 'Ирландия', 'IE', 1),
(106, 'Таджикистан', 'TJ', 1),
(107, 'Армения', 'AM', 1),
(108, 'Швейцария', 'CH', 1),
(109, 'Хорватия', 'HR', 1),
(110, 'Япония', 'JP', 1),
(111, 'Египет', 'EG', 1),
(112, 'Мексика', 'MX', 1),
(113, 'Чехия', 'CZ', 1),
(114, 'Молдова', 'MD', 1),
(115, 'Шри-Ланка', 'LK', 1),
(116, 'Дания', 'DK', 1),
(117, 'Кипр', 'CY', 1),
(118, 'Франция', 'FR', 1),
(119, 'Португалия', 'PT', 1),
(120, 'Великобритания', 'GB', 1),
(121, 'Словения', 'SI', 1),
(122, 'Маврикий', 'MU', 1),
(123, 'Мальдивы', 'MV', 1),
(124, 'Беларусь', 'BY', 1),
(125, 'Тунис', 'TN', 1),
(126, 'Канада', 'CA', 1),
(127, 'Мьянма', 'MM', 1),
(128, 'Вьетнам', 'VN', 1),
(129, 'Норвегия', 'NO', 1),
(130, 'Доминиканская Республика', 'DO', 1),
(131, 'Исландия', 'IS', 1),
(132, 'Латвия', 'LV', 1),
(133, 'Чили', 'CL', 1),
(134, 'Сингапур', 'SG', 1),
(135, 'Швеция', 'SE', 1),
(136, 'Эстония', 'EE', 1),
(137, 'Грузия', 'GE', 1),
(138, 'Иран', 'IR', 1),
(139, 'Израиль', 'IL', 1),
(140, 'Черногория', 'ME', 1),
(141, 'Монголия', 'MN', 1),
(142, 'Финляндия', 'FI', 1);

-- --------------------------------------------------------

--
-- Структура таблицы `lang`
--

CREATE TABLE `lang` (
  `id` int(11) NOT NULL,
  `name` text
) ENGINE=InnoDB DEFAULT CHARSET=utf8mb4;

-- --------------------------------------------------------

--
-- Структура таблицы `places`
--

CREATE TABLE `places` (
  `id` int(11) NOT NULL,
  `id_route` int(11) DEFAULT '0',
  `place_number` text,
  `place_status` int(11) DEFAULT '0'
) ENGINE=InnoDB DEFAULT CHARSET=utf8mb4;

--
-- Дамп данных таблицы `places`
--

INSERT INTO `places` (`id`, `id_route`, `place_number`, `place_status`) VALUES
(1, 1, 'A1', 1),
(2, 1, 'B1', 1),
(3, 1, 'C1', 1),
(4, 1, 'D1', 0),
(5, 1, 'A2', 0),
(6, 1, 'B2', 0),
(7, 1, 'C2', 0),
(8, 1, 'D2', 0),
(9, 1, 'A3', 0),
(10, 1, 'B3', 0),
(11, 1, 'C3', 0),
(12, 1, 'D3', 0),
(13, 1, 'A4', 0),
(14, 1, 'B4', 0),
(15, 1, 'C4', 0),
(16, 1, 'D4', 0),
(17, 1, 'A5', 1),
(18, 1, 'B5', 0),
(19, 1, 'C5', 1),
(20, 1, 'D5', 0),
(21, 1, 'A6', 0),
(22, 1, 'B6', 0),
(23, 1, 'C6', 0),
(24, 1, 'D6', 0),
(25, 1, 'A7', 0),
(26, 1, 'B7', 0),
(27, 1, 'C7', 0),
(28, 1, 'D7', 0),
(29, 1, 'A8', 0),
(30, 1, 'B8', 0),
(31, 1, 'C8', 0),
(32, 1, 'D8', 0),
(33, 1, 'A9', 0),
(34, 1, 'B9', 0),
(35, 1, 'C9', 0),
(36, 1, 'D9', 0),
(37, 1, 'A10', 1),
(38, 1, 'B10', 0),
(39, 1, 'C10', 0),
(40, 1, 'D10', 0),
(41, 1, 'A11', 0),
(42, 1, 'B11', 0),
(43, 1, 'C11', 0),
(44, 1, 'D11', 0),
(45, 1, 'A12', 0),
(46, 1, 'B12', 0),
(47, 1, 'C12', 0),
(48, 1, 'D12', 0),
(49, 1, 'A13', 0),
(50, 1, 'B13', 0),
(51, 1, 'C13', 0),
(52, 1, 'D13', 0),
(53, 1, 'A14', 0),
(54, 1, 'B14', 0),
(55, 1, 'C14', 0),
(56, 1, 'D14', 0),
(57, 1, 'A15', 0),
(58, 1, 'B15', 0),
(59, 1, 'C15', 0),
(60, 1, 'D15', 0),
(61, 1, 'A16', 0),
(62, 1, 'B16', 0),
(63, 1, 'C16', 0),
(64, 1, 'D16', 0),
(65, 1, 'A17', 0),
(66, 1, 'B17', 0),
(67, 1, 'C17', 0),
(68, 1, 'D17', 0),
(69, 1, 'A18', 0),
(70, 1, 'B18', 0),
(71, 1, 'C18', 0),
(72, 1, 'D18', 0),
(73, 1, 'A19', 0),
(74, 1, 'B19', 0),
(75, 1, 'C19', 0),
(76, 1, 'D19', 0),
(77, 1, 'A20', 0),
(78, 1, 'B20', 0),
(79, 1, 'C20', 0),
(80, 1, 'D20', 0);

-- --------------------------------------------------------

--
-- Структура таблицы `route`
--

CREATE TABLE `route` (
  `id` int(11) NOT NULL,
  `id_airport_where_from` int(11) DEFAULT '0',
  `id_airport_where_to` int(11) DEFAULT '0',
  `departure_date` int(11) DEFAULT '0',
  `arrival_date` int(11) DEFAULT '0',
  `id_airplane` int(11) DEFAULT '0',
  `price` int(11) DEFAULT '0',
  `status` tinyint(1) NOT NULL DEFAULT '1'
) ENGINE=InnoDB DEFAULT CHARSET=utf8mb4;

--
-- Дамп данных таблицы `route`
--

INSERT INTO `route` (`id`, `id_airport_where_from`, `id_airport_where_to`, `departure_date`, `arrival_date`, `id_airplane`, `price`, `status`) VALUES
(1, 441, 389, 1590991800, 1590999600, 2, 5700, 1);

-- --------------------------------------------------------

--
-- Структура таблицы `ticket`
--

CREATE TABLE `ticket` (
  `id` int(11) NOT NULL,
  `id_user_data` int(11) DEFAULT '0',
  `id_ticket_age_type` int(11) DEFAULT '0',
  `id_places` int(11) DEFAULT '0',
  `final_price` int(11) DEFAULT '0',
  `buy_time` int(11) DEFAULT '0'
) ENGINE=InnoDB DEFAULT CHARSET=utf8mb4;

--
-- Дамп данных таблицы `ticket`
--

INSERT INTO `ticket` (`id`, `id_user_data`, `id_ticket_age_type`, `id_places`, `final_price`, `buy_time`) VALUES
(47, 14, 1, 1, 5700, 1589487536),
(48, 15, 1, 2, 5700, 1589487536),
(49, 25, 1, 37, 5700, 1589490799),
(50, 15, 1, 17, 5700, 1589747883),
(53, 14, 1, 3, 5700, 1589785496),
(54, 15, 1, 19, 5700, 1590566638);

-- --------------------------------------------------------

--
-- Структура таблицы `ticket_age_type`
--

CREATE TABLE `ticket_age_type` (
  `id` int(11) NOT NULL,
  `ticket_age_type_name` text,
  `ticket_age_type_coefficient` int(11) DEFAULT '0'
) ENGINE=InnoDB DEFAULT CHARSET=utf8mb4;

--
-- Дамп данных таблицы `ticket_age_type`
--

INSERT INTO `ticket_age_type` (`id`, `ticket_age_type_name`, `ticket_age_type_coefficient`) VALUES
(1, 'Взрослый', 100),
(2, 'Ребенок до 12 лет', 50);

-- --------------------------------------------------------

--
-- Структура таблицы `users_auth`
--

CREATE TABLE `users_auth` (
  `id` int(11) NOT NULL,
  `password` text,
  `phone` text,
  `email` text,
  `user_name` text,
  `user_surname` text,
  `id_users_lvl` int(11) DEFAULT '0'
) ENGINE=InnoDB DEFAULT CHARSET=utf8mb4;

--
-- Дамп данных таблицы `users_auth`
--

INSERT INTO `users_auth` (`id`, `password`, `phone`, `email`, `user_name`, `user_surname`, `id_users_lvl`) VALUES
(1, '123', '+7(927)412-42-48', 'bulatgilfanov@gmail.com', 'Bulat', 'Gilfanov', 1),
(2, 'qwe123', '+7(963)228-14-88', 'ddos@gmail.com', 'Армен', 'Таджик', 1);

-- --------------------------------------------------------

--
-- Структура таблицы `users_auth_user_data`
--

CREATE TABLE `users_auth_user_data` (
  `id` int(11) NOT NULL,
  `id_user` int(11) DEFAULT '0',
  `id_user_data` int(11) DEFAULT '0'
) ENGINE=InnoDB DEFAULT CHARSET=utf8mb4;

--
-- Дамп данных таблицы `users_auth_user_data`
--

INSERT INTO `users_auth_user_data` (`id`, `id_user`, `id_user_data`) VALUES
(14, 1, 14),
(15, 1, 15),
(25, 2, 25);

-- --------------------------------------------------------

--
-- Структура таблицы `users_lvl`
--

CREATE TABLE `users_lvl` (
  `id` int(11) NOT NULL,
  `lvl_name` text
) ENGINE=InnoDB DEFAULT CHARSET=utf8mb4;

--
-- Дамп данных таблицы `users_lvl`
--

INSERT INTO `users_lvl` (`id`, `lvl_name`) VALUES
(0, 'Пользователь'),
(1, 'Менеджер по маршрутам');

-- --------------------------------------------------------

--
-- Структура таблицы `user_data`
--

CREATE TABLE `user_data` (
  `id` int(11) NOT NULL,
  `last_name` text,
  `first_name` text,
  `patronymic` text,
  `birthday` date DEFAULT NULL,
  `phone` text,
  `email` text,
  `id_gender` int(11) DEFAULT '0',
  `id_document_type` int(11) DEFAULT '0',
  `document_number` text,
  `valid_date` date DEFAULT NULL
) ENGINE=InnoDB DEFAULT CHARSET=utf8mb4;

--
-- Дамп данных таблицы `user_data`
--

INSERT INTO `user_data` (`id`, `last_name`, `first_name`, `patronymic`, `birthday`, `phone`, `email`, `id_gender`, `id_document_type`, `document_number`, `valid_date`) VALUES
(14, 'Булат', 'Гильфанов', 'Искандерович', '1999-02-25', '+7(927)412-42-48', 'bulatgilfanov@gmail.com', 1, 1, '4598874544', '2020-08-19'),
(15, 'Армен', 'Кургинян', 'Карапетович', '1998-12-04', '+7(999)888-44-22', 'test111@gmail.com', 1, 1, '4787457887', '2020-10-21'),
(25, 'Бахтияржон', 'Абдулаев', 'Махмаджон', '1995-05-25', '+7(923)584-73-72', 'dubay@devchonki.ru', 1, 1, '674848484848', '2020-06-27');

-- --------------------------------------------------------

--
-- Структура таблицы `user_data_document_type`
--

CREATE TABLE `user_data_document_type` (
  `id` int(11) NOT NULL,
  `document_type` text
) ENGINE=InnoDB DEFAULT CHARSET=utf8mb4;

--
-- Дамп данных таблицы `user_data_document_type`
--

INSERT INTO `user_data_document_type` (`id`, `document_type`) VALUES
(1, 'Паспорт РФ'),
(2, 'Заграничный паспорт РФ'),
(3, 'Свидетельство о рождении'),
(4, 'Иностранный документ');

-- --------------------------------------------------------

--
-- Структура таблицы `user_data_gender`
--

CREATE TABLE `user_data_gender` (
  `id` int(11) NOT NULL,
  `gender_name` text
) ENGINE=InnoDB DEFAULT CHARSET=utf8mb4;

--
-- Дамп данных таблицы `user_data_gender`
--

INSERT INTO `user_data_gender` (`id`, `gender_name`) VALUES
(1, 'Мужской'),
(2, 'Женский');

--
-- Индексы сохранённых таблиц
--

--
-- Индексы таблицы `airplane`
--
ALTER TABLE `airplane`
  ADD PRIMARY KEY (`id`),
  ADD KEY `airplane_airplane_status_id_fk` (`status`);

--
-- Индексы таблицы `airplane_status`
--
ALTER TABLE `airplane_status`
  ADD PRIMARY KEY (`id`);

--
-- Индексы таблицы `airports`
--
ALTER TABLE `airports`
  ADD PRIMARY KEY (`id`),
  ADD KEY `airports_cities_id_fk` (`id_city`),
  ADD KEY `airports_countries_id_fk` (`id_country`);

--
-- Индексы таблицы `auth_token`
--
ALTER TABLE `auth_token`
  ADD PRIMARY KEY (`id`),
  ADD KEY `auth_token_users_auth_id_fk` (`id_user`);

--
-- Индексы таблицы `cities`
--
ALTER TABLE `cities`
  ADD PRIMARY KEY (`id`),
  ADD KEY `cities_countries_id_fk` (`id_country`);

--
-- Индексы таблицы `countries`
--
ALTER TABLE `countries`
  ADD PRIMARY KEY (`id`);

--
-- Индексы таблицы `lang`
--
ALTER TABLE `lang`
  ADD PRIMARY KEY (`id`);

--
-- Индексы таблицы `places`
--
ALTER TABLE `places`
  ADD PRIMARY KEY (`id`),
  ADD KEY `places_route_id_fk` (`id_route`);

--
-- Индексы таблицы `route`
--
ALTER TABLE `route`
  ADD PRIMARY KEY (`id`),
  ADD KEY `route_airplane_id_fk` (`id_airplane`),
  ADD KEY `route_airports_id_fk_from` (`id_airport_where_from`),
  ADD KEY `route_airports_id_fk_to` (`id_airport_where_to`);

--
-- Индексы таблицы `ticket`
--
ALTER TABLE `ticket`
  ADD PRIMARY KEY (`id`),
  ADD KEY `id_user_data` (`id_user_data`,`id_ticket_age_type`,`id_places`),
  ADD KEY `id_ticket_age_type` (`id_ticket_age_type`),
  ADD KEY `id_places` (`id_places`);

--
-- Индексы таблицы `ticket_age_type`
--
ALTER TABLE `ticket_age_type`
  ADD PRIMARY KEY (`id`);

--
-- Индексы таблицы `users_auth`
--
ALTER TABLE `users_auth`
  ADD PRIMARY KEY (`id`),
  ADD KEY `users_auth_users_lvl_id_fk` (`id_users_lvl`);

--
-- Индексы таблицы `users_auth_user_data`
--
ALTER TABLE `users_auth_user_data`
  ADD PRIMARY KEY (`id`),
  ADD KEY `id_user` (`id_user`,`id_user_data`),
  ADD KEY `id_user_data` (`id_user_data`);

--
-- Индексы таблицы `users_lvl`
--
ALTER TABLE `users_lvl`
  ADD PRIMARY KEY (`id`);

--
-- Индексы таблицы `user_data`
--
ALTER TABLE `user_data`
  ADD PRIMARY KEY (`id`),
  ADD KEY `id_gender` (`id_gender`,`id_document_type`),
  ADD KEY `id_document_type` (`id_document_type`);

--
-- Индексы таблицы `user_data_document_type`
--
ALTER TABLE `user_data_document_type`
  ADD PRIMARY KEY (`id`);

--
-- Индексы таблицы `user_data_gender`
--
ALTER TABLE `user_data_gender`
  ADD PRIMARY KEY (`id`);

--
-- AUTO_INCREMENT для сохранённых таблиц
--

--
-- AUTO_INCREMENT для таблицы `airplane`
--
ALTER TABLE `airplane`
  MODIFY `id` int(11) NOT NULL AUTO_INCREMENT, AUTO_INCREMENT=5;
--
-- AUTO_INCREMENT для таблицы `airplane_status`
--
ALTER TABLE `airplane_status`
  MODIFY `id` int(11) NOT NULL AUTO_INCREMENT, AUTO_INCREMENT=4;
--
-- AUTO_INCREMENT для таблицы `airports`
--
ALTER TABLE `airports`
  MODIFY `id` int(11) NOT NULL AUTO_INCREMENT, AUTO_INCREMENT=593;
--
-- AUTO_INCREMENT для таблицы `auth_token`
--
ALTER TABLE `auth_token`
  MODIFY `id` int(11) NOT NULL AUTO_INCREMENT, AUTO_INCREMENT=114;
--
-- AUTO_INCREMENT для таблицы `cities`
--
ALTER TABLE `cities`
  MODIFY `id` int(11) NOT NULL AUTO_INCREMENT, AUTO_INCREMENT=550;
--
-- AUTO_INCREMENT для таблицы `countries`
--
ALTER TABLE `countries`
  MODIFY `id` int(11) NOT NULL AUTO_INCREMENT, AUTO_INCREMENT=143;
--
-- AUTO_INCREMENT для таблицы `lang`
--
ALTER TABLE `lang`
  MODIFY `id` int(11) NOT NULL AUTO_INCREMENT;
--
-- AUTO_INCREMENT для таблицы `places`
--
ALTER TABLE `places`
  MODIFY `id` int(11) NOT NULL AUTO_INCREMENT, AUTO_INCREMENT=81;
--
-- AUTO_INCREMENT для таблицы `route`
--
ALTER TABLE `route`
  MODIFY `id` int(11) NOT NULL AUTO_INCREMENT, AUTO_INCREMENT=2;
--
-- AUTO_INCREMENT для таблицы `ticket`
--
ALTER TABLE `ticket`
  MODIFY `id` int(11) NOT NULL AUTO_INCREMENT, AUTO_INCREMENT=55;
--
-- AUTO_INCREMENT для таблицы `ticket_age_type`
--
ALTER TABLE `ticket_age_type`
  MODIFY `id` int(11) NOT NULL AUTO_INCREMENT, AUTO_INCREMENT=3;
--
-- AUTO_INCREMENT для таблицы `users_auth`
--
ALTER TABLE `users_auth`
  MODIFY `id` int(11) NOT NULL AUTO_INCREMENT, AUTO_INCREMENT=25;
--
-- AUTO_INCREMENT для таблицы `users_auth_user_data`
--
ALTER TABLE `users_auth_user_data`
  MODIFY `id` int(11) NOT NULL AUTO_INCREMENT, AUTO_INCREMENT=26;
--
-- AUTO_INCREMENT для таблицы `users_lvl`
--
ALTER TABLE `users_lvl`
  MODIFY `id` int(11) NOT NULL AUTO_INCREMENT, AUTO_INCREMENT=5;
--
-- AUTO_INCREMENT для таблицы `user_data`
--
ALTER TABLE `user_data`
  MODIFY `id` int(11) NOT NULL AUTO_INCREMENT, AUTO_INCREMENT=26;
--
-- AUTO_INCREMENT для таблицы `user_data_document_type`
--
ALTER TABLE `user_data_document_type`
  MODIFY `id` int(11) NOT NULL AUTO_INCREMENT, AUTO_INCREMENT=5;
--
-- AUTO_INCREMENT для таблицы `user_data_gender`
--
ALTER TABLE `user_data_gender`
  MODIFY `id` int(11) NOT NULL AUTO_INCREMENT, AUTO_INCREMENT=3;
--
-- Ограничения внешнего ключа сохраненных таблиц
--

--
-- Ограничения внешнего ключа таблицы `airplane`
--
ALTER TABLE `airplane`
  ADD CONSTRAINT `airplane_airplane_status_id_fk` FOREIGN KEY (`status`) REFERENCES `airplane_status` (`id`) ON DELETE CASCADE ON UPDATE CASCADE;

--
-- Ограничения внешнего ключа таблицы `airports`
--
ALTER TABLE `airports`
  ADD CONSTRAINT `airports_cities_id_fk` FOREIGN KEY (`id_city`) REFERENCES `cities` (`id`) ON DELETE CASCADE ON UPDATE CASCADE,
  ADD CONSTRAINT `airports_countries_id_fk` FOREIGN KEY (`id_country`) REFERENCES `countries` (`id`) ON DELETE CASCADE ON UPDATE CASCADE;

--
-- Ограничения внешнего ключа таблицы `auth_token`
--
ALTER TABLE `auth_token`
  ADD CONSTRAINT `auth_token_users_auth_id_fk` FOREIGN KEY (`id_user`) REFERENCES `users_auth` (`id`) ON DELETE CASCADE ON UPDATE CASCADE;

--
-- Ограничения внешнего ключа таблицы `cities`
--
ALTER TABLE `cities`
  ADD CONSTRAINT `cities_countries_id_fk` FOREIGN KEY (`id_country`) REFERENCES `countries` (`id`) ON DELETE CASCADE ON UPDATE CASCADE;

--
-- Ограничения внешнего ключа таблицы `places`
--
ALTER TABLE `places`
  ADD CONSTRAINT `places_route_id_fk` FOREIGN KEY (`id_route`) REFERENCES `route` (`id`) ON DELETE CASCADE ON UPDATE CASCADE;

--
-- Ограничения внешнего ключа таблицы `route`
--
ALTER TABLE `route`
  ADD CONSTRAINT `route_airplane_id_fk` FOREIGN KEY (`id_airplane`) REFERENCES `airplane` (`id`) ON DELETE CASCADE ON UPDATE CASCADE,
  ADD CONSTRAINT `route_airports_id_fk_from` FOREIGN KEY (`id_airport_where_from`) REFERENCES `airports` (`id`) ON DELETE CASCADE ON UPDATE CASCADE,
  ADD CONSTRAINT `route_airports_id_fk_to` FOREIGN KEY (`id_airport_where_to`) REFERENCES `airports` (`id`) ON DELETE CASCADE ON UPDATE CASCADE;

--
-- Ограничения внешнего ключа таблицы `ticket`
--
ALTER TABLE `ticket`
  ADD CONSTRAINT `ticket_ibfk_1` FOREIGN KEY (`id_user_data`) REFERENCES `user_data` (`id`) ON DELETE CASCADE ON UPDATE CASCADE,
  ADD CONSTRAINT `ticket_ibfk_2` FOREIGN KEY (`id_ticket_age_type`) REFERENCES `ticket_age_type` (`id`) ON DELETE CASCADE ON UPDATE CASCADE,
  ADD CONSTRAINT `ticket_ibfk_3` FOREIGN KEY (`id_places`) REFERENCES `places` (`id`) ON DELETE CASCADE ON UPDATE CASCADE;

--
-- Ограничения внешнего ключа таблицы `users_auth`
--
ALTER TABLE `users_auth`
  ADD CONSTRAINT `users_auth_users_lvl_id_fk` FOREIGN KEY (`id_users_lvl`) REFERENCES `users_lvl` (`id`) ON DELETE CASCADE ON UPDATE CASCADE;

--
-- Ограничения внешнего ключа таблицы `users_auth_user_data`
--
ALTER TABLE `users_auth_user_data`
  ADD CONSTRAINT `users_auth_user_data_ibfk_1` FOREIGN KEY (`id_user_data`) REFERENCES `user_data` (`id`) ON DELETE CASCADE ON UPDATE CASCADE,
  ADD CONSTRAINT `users_auth_user_data_users_auth_id_fk` FOREIGN KEY (`id_user`) REFERENCES `users_auth` (`id`) ON DELETE CASCADE ON UPDATE CASCADE;

--
-- Ограничения внешнего ключа таблицы `user_data`
--
ALTER TABLE `user_data`
  ADD CONSTRAINT `user_data_ibfk_1` FOREIGN KEY (`id_gender`) REFERENCES `user_data_gender` (`id`),
  ADD CONSTRAINT `user_data_ibfk_2` FOREIGN KEY (`id_document_type`) REFERENCES `user_data_document_type` (`id`) ON DELETE CASCADE ON UPDATE CASCADE;

/*!40101 SET CHARACTER_SET_CLIENT=@OLD_CHARACTER_SET_CLIENT */;
/*!40101 SET CHARACTER_SET_RESULTS=@OLD_CHARACTER_SET_RESULTS */;
/*!40101 SET COLLATION_CONNECTION=@OLD_COLLATION_CONNECTION */;
